{
  "model_architecture": {
    "input_size": 6,
    "output_size": 10,
    "hidden_size": 1024,
    "num_layers": 6
  },
  "train_losses": [
    0.808532674074173,
    0.5603868432641029,
    0.5399469825029373,
    0.5154895893931389,
    0.5016789926588535,
    0.48398088312149046,
    0.477614032715559,
    0.4699384658932686,
    0.46378238427639007,
    0.4519648467004299,
    0.44991064435243605,
    0.4406368438899517,
    0.4323738321363926,
    0.4305684691667557,
    0.42645426106452944,
    0.4260758364498615,
    0.4206825331747532,
    0.41770650100708007,
    0.41212871223688125,
    0.4112299295067787,
    0.4025289606153965,
    0.4048007214963436,
    0.39762978357076645,
    0.3953453707396984,
    0.3875538078248501,
    0.4030354996621609,
    0.3848996937274933,
    0.3845295104980469,
    0.3830142997801304,
    0.38677058190107344,
    0.38004585668444635,
    0.37690249022841454,
    0.37632893094420433,
    0.37510307160019873,
    0.37767884323000905,
    0.3776782701611519,
    0.3674323266148567,
    0.37166825196146963,
    0.3632818144261837,
    0.3692159924209118,
    0.3679391580820084,
    0.36624697571992876,
    0.3605245550572872,
    0.3723367559611797,
    0.36257445901632307,
    0.35303438431024553,
    0.35043056252598764,
    0.3609506117403507,
    0.3659663137495518,
    0.36130972972512243,
    0.35208470073342324,
    0.3618057894706726,
    0.34468042859435083,
    0.3465461973249912,
    0.3521782971024513,
    0.3439275933802128,
    0.34480307099223134,
    0.3425770813524723,
    0.3523548677265644,
    0.346756440281868,
    0.3387736679911613,
    0.3392574171125889,
    0.3510600653588772,
    0.3457007132768631,
    0.3430329598784447,
    0.341525829821825,
    0.3407009308934212,
    0.3431885876655579,
    0.3380195378959179,
    0.3318243814408779,
    0.33563536700606345,
    0.332012576431036,
    0.33798495489358904,
    0.3301243624985218,
    0.33194468066096305,
    0.33759418362379073,
    0.33582455915212633,
    0.3345572554171085,
    0.32579823645949363,
    0.3345928303897381,
    0.32496485468745234,
    0.3280473628044128,
    0.32747510027885435,
    0.31950634765625,
    0.32119132807850836,
    0.33343326675891877,
    0.3239652108848095,
    0.32056855157017705,
    0.31623134127259256,
    0.3256887181401253,
    0.3207844660580158,
    0.32008492693305013,
    0.32375254839658735,
    0.3242607482075691,
    0.33075746542215345,
    0.32104423823952677,
    0.3129851937890053,
    0.3146490544974804,
    0.3160297999382019,
    0.3157312635183334
  ],
  "test_losses": [
    0.5551575188125882,
    0.47183150112155886,
    0.44002124489772887,
    0.4347368650256641,
    0.41310842358876787,
    0.3827841039451342,
    0.40377028854120345,
    0.3743533714423104,
    0.37161742836710004,
    0.3662557489578686,
    0.3484188930855857,
    0.3667068513376372,
    0.3484644086824523,
    0.345041422735131,
    0.33269604496539584,
    0.3168590719264651,
    0.3164334047644857,
    0.3136119403772884,
    0.29702053538390566,
    0.3032191423551431,
    0.2862692413230737,
    0.3060001733284148,
    0.29556459803429863,
    0.30569829342384186,
    0.3046885672069731,
    0.30280801553338293,
    0.28482975207623984,
    0.29212292402036605,
    0.30087173351692775,
    0.29320035384051385,
    0.2941649858322408,
    0.27914865652010556,
    0.27781795320056735,
    0.2876561452590284,
    0.28516957763996387,
    0.28508166939256685,
    0.27135046831672155,
    0.26137942755742677,
    0.27456682748974315,
    0.26706031396512003,
    0.26380753375235055,
    0.28632420644400614,
    0.2986637396471841,
    0.2662310525774956,
    0.2868295123298017,
    0.28519791074925,
    0.25487215497664045,
    0.29031905259877916,
    0.2636978368437479,
    0.2633472102147246,
    0.25653702059080674,
    0.2626882850650757,
    0.26940592372464756,
    0.2570608066069701,
    0.2700043207123166,
    0.26074611159071087,
    0.2580281799984357,
    0.2646604389070518,
    0.2602579818358497,
    0.25851051781385664,
    0.26169139111325856,
    0.25768038411698646,
    0.2621973521179623,
    0.26704524812244235,
    0.2416752272300304,
    0.24862320703409968,
    0.24115647771765317,
    0.2651207706639691,
    0.2667664179489726,
    0.23997522612649297,
    0.2415519483269207,
    0.24458491890912964,
    0.25900815717048115,
    0.25590633923217415,
    0.2500226910388659,
    0.23168119096330234,
    0.2534634094862711,
    0.2435129526706915,
    0.24551898424351026,
    0.2534562316205766,
    0.24128068475023148,
    0.2478352835372327,
    0.2396141562669996,
    0.2666575749596906,
    0.24544073481644904,
    0.24666307541349577,
    0.23459288616856885,
    0.24270149030619198,
    0.24976112575285017,
    0.25250797777894946,
    0.23769062763405224,
    0.28416078797881567,
    0.22935536329353612,
    0.24299915743962167,
    0.24900365141885622,
    0.2420803110396105,
    0.2439409890581691,
    0.24443406546636234,
    0.24450790917589552,
    0.24172747141075512
  ],
  "best_test_loss": 0.22935536329353612,
  "model_class": "PolynomialRootNet"
}