{
  "model_architecture": {
    "input_size": 6,
    "output_size": 10,
    "hidden_size": 512,
    "num_layers": 5
  },
  "train_losses": [
    2.438663239479065,
    1.6366082668304442,
    1.2974596738815307,
    1.1813806700706482,
    0.9784241199493409,
    0.9322513031959534,
    0.8534483480453491,
    0.8171966052055359,
    0.7753019392490387,
    0.7512981855869293,
    0.7121570348739624,
    0.672286366224289,
    0.6523529767990113,
    0.633723886013031,
    0.6384075891971588,
    0.6345516675710678,
    0.6184110987186432,
    0.5913832581043243,
    0.5998526483774185,
    0.5593460166454315,
    0.5793138825893402,
    0.5386992311477661,
    0.5683248144388199,
    0.5447432613372802,
    0.5311243593692779,
    0.5163548421859742,
    0.5200458461046219,
    0.5282755011320114,
    0.5331560200452805,
    0.5384109252691269,
    0.5178009444475173,
    0.5251623326539994,
    0.5025934481620788,
    0.49678552746772764,
    0.48524668157100675,
    0.4769664853811264,
    0.4905193829536438,
    0.46229906678199767,
    0.47486564636230466,
    0.4840970295667648,
    0.4657800132036209,
    0.48387017488479617,
    0.45651241719722746,
    0.467900305390358,
    0.45645778357982636,
    0.4576106244325638,
    0.46736807584762574,
    0.47284226417541503,
    0.4528755819797516,
    0.4408901631832123,
    0.4536349958181381,
    0.45820506155490875,
    0.45379858553409574,
    0.4181105524301529,
    0.4500391685962677,
    0.4428382629156113,
    0.42292275071144103,
    0.4205956494808197,
    0.43323900997638704,
    0.40580610156059266,
    0.3890826052427292,
    0.41072626888751984,
    0.42918711483478544,
    0.41564453721046446,
    0.40463862985372545,
    0.40836509585380554,
    0.41129317730665205,
    0.3868927574157715,
    0.3889334177970886,
    0.4031736046075821,
    0.4044460582733154,
    0.39952332139015195,
    0.3623905837535858,
    0.4227573144435883,
    0.4033472612500191,
    0.3970757639408112,
    0.4021278089284897,
    0.37442638784646987,
    0.370898534655571,
    0.3711175286769867,
    0.37292991042137147,
    0.37732929408550264,
    0.374011307656765,
    0.40089899957180025,
    0.3638531422615051,
    0.379078329205513,
    0.37298243105411527,
    0.3706110864877701,
    0.3625679135322571,
    0.35671099901199343,
    0.34886118113994596,
    0.3597974157333374,
    0.34672514736652377,
    0.34379822611808775,
    0.32332975924015045,
    0.3368615961074829,
    0.3262386190891266,
    0.3202396821975708,
    0.31242883622646334,
    0.3230245414376259,
    0.3099739792943001,
    0.3239162915945053,
    0.31347630023956297,
    0.3167065924406052,
    0.31318584144115447,
    0.33593897938728334,
    0.32288300156593325,
    0.29850276321172714,
    0.3072678118944168,
    0.31671100050210954,
    0.3318894240260124,
    0.3219842192530632,
    0.3018388891220093,
    0.311239932179451,
    0.3069367480278015,
    0.30916150867938996,
    0.31329134285449983,
    0.3035125231742859,
    0.29621664732694625,
    0.3169415372610092,
    0.3066859543323517,
    0.31035515934228897,
    0.29671636819839475,
    0.3159056708216667,
    0.31843549132347104,
    0.2819633036851883,
    0.295048588514328,
    0.29259831488132476,
    0.29168725907802584,
    0.2937574940919876,
    0.29817198574542997,
    0.2976454359292984,
    0.2879076221585274,
    0.29823737382888793,
    0.3134311175346374,
    0.28781844437122345,
    0.2882937213778496,
    0.3031520140171051,
    0.3104865521192551,
    0.2926791596412659,
    0.2940839260816574,
    0.2854048418998718,
    0.297377327978611,
    0.29687451422214506,
    0.3074675232172012,
    0.29690803706645963,
    0.2828383642435074,
    0.3082879820466042,
    0.2879074114561081,
    0.3005668389797211,
    0.29254452168941497,
    0.3121357482671738,
    0.2776965337991715,
    0.3136108449101448,
    0.28155915409326554,
    0.3265355858206749,
    0.3110168218612671,
    0.303413667678833,
    0.3128385478258133,
    0.30474289298057555,
    0.31087759137153625,
    0.2867750185728073,
    0.2950158703327179,
    0.28909502357244493,
    0.30185638487339017,
    0.2727608248591423,
    0.3102216982841492,
    0.2755943512916565,
    0.2845615181326866,
    0.28762272000312805,
    0.2807851150631905,
    0.2801631781458855,
    0.28080425202846526,
    0.2927082467079163,
    0.29591247588396075,
    0.297172572016716,
    0.2641223034262657,
    0.286135276556015,
    0.3135932409763336,
    0.2868177992105484,
    0.30511199742555617,
    0.3006091076135635,
    0.2888878783583641,
    0.2747289875149727,
    0.2838999134302139,
    0.2876280063390732,
    0.3100083982944489,
    0.29802985072135924,
    0.2758841276168823,
    0.3015609365701675,
    0.287659085392952,
    0.2847207939624786,
    0.26851414442062377,
    0.2753889399766922,
    0.31228318870067595,
    0.2887522906064987,
    0.29160930871963503,
    0.3015676164627075,
    0.3050595074892044,
    0.29116862297058105
  ],