{
  "model_architecture": {
    "input_size": 6,
    "output_size": 10,
    "hidden_size": 2500,
    "num_layers": 6
  },
  "train_losses": [
    0.7952695685625076,
    0.5646560898423195,
    0.5324282162189483,
    0.5027827341556549,
    0.47546460455656053,
    0.4694161447882652,
    0.4652223823070526,
    0.4385800124108791,
    0.44107721719145776,
    0.4314021883308887,
    0.4331986909508705,
    0.42053095358610154,
    0.4187126747071743,
    0.4170841936469078,
    0.40679986754059794,
    0.3988821045458317,
    0.4053786063790321,
    0.39711216485500334,
    0.3928142768740654,
    0.3796603975892067,
    0.38706979581713674,
    0.38115920501947403,
    0.3818995437324047,
    0.36995538130402567,
    0.3687965042889118,
    0.37339294788241384,
    0.36228446340560916,
    0.3608223547041416,
    0.3625784637928009,
    0.36000270387530325,
    0.348470400378108,
    0.3540442650318146,
    0.3565704249739647,
    0.3511204418540001,
    0.3528561258912086,
    0.3512767698764801,
    0.34821705275774,
    0.347886857509613,
    0.33917352056503297,
    0.3470826669037342,
    0.3533504151403904,
    0.35002378219366076,
    0.3317721591293812,
    0.34302221608161926,
    0.339062426507473,
    0.34119993418455125,
    0.3343760049343109,
    0.3500123498439789,
    0.3373117806315422,
    0.33533945482969285,
    0.3298421412110329,
    0.32973744949698447,
    0.3220139137506485,
    0.32433982646465304,
    0.3282945930659771,
    0.3271289226710796,
    0.3114869001507759,
    0.3160973648428917,
    0.3335726961195469,
    0.3201854222416878,
    0.33007963794469836,
    0.3229074673950672,
    0.30589370012283323,
    0.295613654345274,
    0.3092222610414028,
    0.31498676681518556,
    0.3042081972360611,
    0.29920110309123993,
    0.31005460837483406,
    0.300368572384119,
    0.29953605276346207,
    0.30424571320414545,
    0.29364401057362555,
    0.2961251175403595,
    0.30370440348982813,
    0.30284720569849016,
    0.2897255230247974,
    0.3057489732801914,
    0.312423587590456,
    0.3029643011689186,
    0.2961074904203415,
    0.2925603236556053,
    0.30088161301612854,
    0.29101508793234826,
    0.2831288293004036,
    0.3037583176791668,
    0.27929269206523893,
    0.3008800947666168,
    0.2972272477149963,
    0.2895641757249832,
    0.27336057218909265,
    0.28381484693288805,
    0.29467048452794553,
    0.2928976708650589,
    0.28117597770690916,
    0.28937631791830065,
    0.27974394741654396,
    0.2723129044175148,
    0.2805995309352875,
    0.28025888857245446
  ],
  "test_losses": [
    0.5224788565011251,
    0.46503181223358425,
    0.4359341833799604,
    0.4415995344992668,
    0.3989770378148745,
    0.387103212612962,
    0.3760291283565854,
    0.35657330614233773,
    0.3479655466618992,
    0.34417098417641623,
    0.34150395625167423,
    0.33347679674625397,
    0.32519042758005007,
    0.3254313685946048,
    0.32224723418790197,
    0.315353104755992,
    0.3179350258812072,
    0.3135777275477137,
    0.31245045151029316,
    0.3068888858552017,
    0.2971385804906724,
    0.3037036017529548,
    0.2952619256481292,
    0.28526766574572004,
    0.2748587259224483,
    0.30094359980689156,
    0.28122614324092865,
    0.29188738982119256,
    0.2933300680347851,
    0.2882562065053554,
    0.2659072789644438,
    0.2927093547251489,
    0.2998611865535615,
    0.2617379478991978,
    0.2771973050539456,
    0.27239892980645575,
    0.34913079381462125,
    0.2654841904129301,
    0.2661988113725942,
    22.656967215417396,
    0.2633075835331092,
    0.30067310618266224,
    0.2809981211783394,
    0.271815105326592,
    86.59676749200102,
    0.4618837597469489,
    0.2819213284150002,
    0.7674568512491764,
    0.4504748759643426,
    98.41060809974395,
    2626.705815757965,
    2.6547664603780188,
    0.3345393401289743,
    0.2769877572972623,
    0.35842497723679695,
    0.4985048970769322,
    133096.91525208493,
    0.41318484567224034,
    0.7164198724286897,
    0.3411492543915908,
    0.6293747561082007,
    2.2084153126038255,
    0.9618250644277959,
    0.8490770495245381,
    0.2786227738455174,
    0.3128708897542859,
    0.5921988976853234,
    7.710972106232057,
    0.2624789782104984,
    31.848853191804317,
    378.7201017228857,
    2.309659856593325,
    0.5043335914730079,
    0.36688659777716986,
    0.37132005975951277,
    0.7016640964245039,
    0.5727135841512964,
    0.6245933427578874,
    0.24933397728535864,
    0.278276717615506,
    0.2520464224711297,
    0.25252958948886584,
    3.29679862332959,
    0.35607874103718334,
    0.6356857613556914,
    0.287170850213558,
    0.2624718595946592,
    0.3097238710948399,
    0.5768382882196752,
    0.22830741270075713,
    0.7700886670795698,
    0.6589288939204481,
    0.585499467446454,
    0.2521276351596628,
    0.26472290031730183,
    0.28665864698234056,
    0.3002873167750381,
    0.28122058357038193,
    3.9881091437169482,
    0.32621532105027684
  ],
  "best_test_loss": 0.22830741270075713,
  "model_class": "PolynomialRootNet"
}