{
  "model_architecture": {
    "input_size": 6,
    "output_size": 10,
    "hidden_size": 1024,
    "num_layers": 10
  },
  "train_losses": [
    1.4349613171815871,
    0.7589028408527374,
    0.6469488096237183,
    0.6107904654145241,
    0.5856647715568543,
    0.5679629791975022,
    0.554907424390316,
    0.5467126929163932,
    0.538755781173706,
    0.5347086328268051,
    0.5335472103357315,
    0.5159435070157051,
    0.5083962901234627,
    0.5067055076360703,
    0.5014175599217415,
    0.49158587008714677,
    0.48623933309316636,
    0.48496878013014794,
    0.48171262016892435,
    0.47576999670267106,
    0.46767945325374605,
    0.47061426436901094,
    0.46146632862091064,
    0.46144781476259233,
    0.4593899716436863,
    0.4558588618040085,
    0.45368534842133523,
    0.4478559131026268,
    0.4505568708181381,
    0.44401268514990805,
    0.4488951705098152,
    0.4430609220266342,
    0.4414449389278889,
    0.44415335381031035,
    0.4312179709672928,
    0.43721206122636797,
    0.430153223156929,
    0.432511350184679,
    0.41940619179606436,
    0.43359569942951204,
    0.4215217699110508,
    0.4197722623348236,
    0.43216822695732116,
    0.42414966177940366,
    0.4185398555397987,
    0.4120715967416763,
    0.4212870139479637,
    0.414566979944706,
    0.4187183608710766,
    0.41405961018800735,
    0.4098661735355854,
    0.402889973282814,
    0.4098842725753784,
    0.4058898777961731,
    0.4129935023188591,
    0.4065021619796753,
    0.4167171248793602,
    0.39511908060312273,
    0.4031858313977718,
    0.40026057532429693,
    0.3982697025537491,
    0.4040297795236111,
    0.40137628293037414,
    0.39785140255093576,
    0.39775196731090545,
    0.39836137017607687,
    0.3956086881160736,
    0.3907637244462967,
    0.3856758298277855,
    0.3895547563135624,
    0.3931608226597309,
    0.38762554147839545,
    0.3876394339501858,
    0.3862762879431248,
    0.38614895537495614,
    0.392837404191494,
    0.3794290187954903,
    0.38937744924426076,
    0.38353318297863004,
    0.3864046548604965,
    0.37863024282455443,
    0.38341177970170975,
    0.37282332637906074,
    0.38466125896573067,
    0.37736531203985213,
    0.3767242963016033,
    0.3828113281428814,
    0.3853063250184059,
    0.37820101180672644,
    0.3713597812354565,
    0.3846736656725407,
    0.36769185024499895,
    0.37024456602334976,
    0.3646089812219143,
    0.3717328770160675,
    0.37350509902834894,
    0.3667246999442577,
    0.373436466306448,
    0.3686340343952179,
    0.3687783625125885
  ],
  "test_losses": [
    0.7360959753157601,
    0.5658267033951623,
    0.549601377239303,
    0.5157063466215891,
    0.4645324945449829,
    0.4658222029369975,
    0.4431044856707255,
    0.4374359905246704,
    0.42591580985084415,
    0.42896166077208897,
    0.40913651327765177,
    0.42275211723550915,
    0.4024358370474407,
    0.3807923214303123,
    0.38606557297328165,
    0.3863294655604968,
    0.3897953353940494,
    0.37882222282508066,
    0.36999092404804534,
    0.37869232124279417,
    0.35178718550337684,
    0.3501449366883626,
    0.3523284104608354,
    0.346600729558203,
    0.35557970286361756,
    0.3389382840148986,
    0.3404175278449815,
    0.34019542142512305,
    0.3437186634493253,
    0.3440716468862125,
    0.3348807411061393,
    0.34476312019285704,
    0.33718021899934797,
    0.32656282777824097,
    0.3431791217317657,
    0.3245733467832444,
    0.3312414571169823,
    0.31720121003805646,
    0.30791021179821754,
    0.31005505259547916,
    0.328304314305858,
    0.30531136064775405,
    0.30656590111671933,
    0.32141876752887455,
    0.3147362248883361,
    0.3142165516813596,
    0.31840736596357255,
    0.30636241381603574,
    0.3318807878309772,
    0.3070496531232955,
    0.3071868398359844,
    0.2899184763904602,
    0.3063188793640288,
    0.31157356536104563,
    0.3022627078942836,
    0.2910754455933495,
    0.2835890275263597,
    0.30054450626411133,
    0.3077138691312737,
    0.29086982937795774,
    0.2883373994439367,
    0.2944360535650972,
    0.2907136505440114,
    0.28766206841147135,
    0.2952674211017669,
    0.2884178822120977,
    0.2832107458204504,
    0.28445785250219086,
    0.2828259701057086,
    0.2834422718437891,
    0.2814041209954118,
    0.2891584929847528,
    0.2972246836575251,
    0.2882165995145601,
    0.2906176328422531,
    0.2771355803050692,
    0.31066732203203534,
    0.2726085006835915,
    0.28694148929346175,
    0.28256776390804184,
    0.288567869613568,
    0.2649066324035327,
    0.2740068556888709,
    0.27190009220725014,
    0.3266121101757837,
    0.2830112836663685,
    0.29940147349049173,
    0.2845524275704982,
    0.2881216507937227,
    0.3002460900516737,
    0.2769058776635026,
    0.28521225081076695,
    0.30165604703010074,
    0.26359410116833354,
    0.28328399017216666,
    0.2670438377748406,
    0.2602323070168495,
    0.27407571194427355,
    0.2906950012677246,
    0.2921674105501364
  ],
  "best_test_loss": 0.2602323070168495,
  "model_class": "PolynomialRootNet"
}