{
  "model_architecture": {
    "input_size": 6,
    "output_size": 10,
    "hidden_size": 1024,
    "num_layers": 20
  },
  "train_losses": [
    1.1687605973482131,
    0.8712500680685044,
    0.8030577467679978,
    0.7506228259801865,
    0.7331773376464844,
    0.7220881512761116,
    0.7106055334806443,
    0.6940004777908325,
    0.6894824788570404,
    0.6689962658882141,
    0.6663597339391708,
    0.6635897114276886,
    0.6599726400971413,
    0.6476128938198089,
    0.6453520280122756,
    0.6381051635146141,
    0.6327399728298188,
    0.6336806871891022,
    0.6303202529549599,
    0.6345119931101799,
    0.6258138806819916,
    0.6256637718677521,
    0.6240317531824112,
    0.6199355616569519,
    0.617590109527111,
    0.6219020169377327,
    0.6157546257972717,
    0.6216674919724464,
    0.6100222315192223,
    0.6048535531163216,
    0.601711352109909,
    0.6095058633685112,
    0.6063514976501465,
    0.6022756704688073,
    0.6018557933568954,
    0.6068879671692848,
    0.5999227739572525,
    0.6052850684523583,
    0.6013933147788048,
    0.5957141431570053,
    0.5952615301609039,
    0.5969010815620422,
    0.590381455361843,
    0.5841447775959968,
    0.5919608060121536,
    0.5910384157896041,
    0.586387110710144,
    0.5745433598160744,
    0.5795684612393379,
    0.5832013013362884,
    0.579974117577076,
    0.5923409571051598,
    0.5782343642711639,
    0.5822061878442765,
    0.576066244840622,
    0.5698010631799698,
    0.5734801883101464,
    0.5716543161273002,
    0.5732248069047928,
    0.5755144087076187,
    0.5720833027362824,
    0.5697093064785004,
    0.5738196246027947,
    0.5669214248657226,
    0.5722860343456269,
    0.5775966253876686,
    0.5633249070644378,
    0.5544475790858269,
    0.5613325941562652,
    0.559803950726986,
    0.5636174323558807,
    0.5675556277036666,
    0.5614967123866081,
    0.5577205745577812,
    0.5577695493102074,
    0.5561875756978989,
    0.5570707338452339,
    0.5487146276831627,
    0.5454239730238915,
    0.5500249167680741,
    0.5455226263403893,
    0.5493637729287147,
    0.5421289283633232,
    0.5497228760123253,
    0.5483619341850281,
    0.5466539571881295,
    0.5405205785036087,
    0.5374341789484024,
    0.5354856345057487,
    0.5371018850803375,
    0.5443659874796868,
    0.5485103969573975,
    0.5430749198198318,
    0.5321912583708763,
    0.5463640533089638,
    0.5423246645927429,
    0.5349142825603486,
    0.5286582354903221,
    0.5424861924052239,
    0.5287540324926376
  ],
  "test_losses": [
    0.8803634265112499,
    0.8006717307226998,
    0.7556313735152048,
    0.7042851961321301,
    0.6773687993723249,
    0.660423418359151,
    0.6422555560157412,
    0.6382505751791454,
    0.6206946635530108,
    0.6011612585612706,
    0.6395474331719535,
    0.5906741108213153,
    0.6092570225397745,
    0.5987277135016427,
    0.5981366102184568,
    0.6019635898253274,
    0.5896848927414606,
    0.5840235948562622,
    0.5890174685489564,
    0.5820331403187343,
    0.5925808021473506,
    0.5550586034854254,
    0.5625794309945333,
    0.550457440907993,
    0.5705303355814919,
    0.5619627968186424,
    0.5396726815000413,
    0.5518649920584664,
    0.5487160086631775,
    0.5344319116501581,
    0.5445925482208767,
    0.5360819607500046,
    0.5391158109146451,
    0.5660877757602267,
    0.5549151630155624,
    0.5248942987786399,
    0.5253823517806946,
    0.5341468067869307,
    0.5353744841284223,
    0.5447621631716925,
    0.5313749145420771,
    0.5408357315593295,
    0.5385885382928546,
    0.5152338388420287,
    0.5531063108217149,
    0.5112926593375584,
    0.5247355604928637,
    0.5051094269941724,
    0.49608207482194144,
    0.5144972195700993,
    0.5065814029602778,
    0.4957133789384176,
    0.5205864317360378,
    0.5063785236506235,
    0.5074847659894398,
    0.49341491006669547,
    0.4944593781043613,
    0.5051007374884591,
    0.49843174621226294,
    0.49837238329743583,
    0.5135174873802397,
    0.48277503654124243,
    0.4884246996943913,
    0.48119839481891147,
    0.49593804965889643,
    0.5087900916262279,
    0.5281015204058753,
    0.4977998487533085,
    0.4771136837819266,
    0.49395428952716647,
    0.48763745006114717,
    0.4947439134120941,
    0.4705506767781954,
    0.4758987561577842,
    0.4692001598221915,
    0.4695913412031673,
    0.46827012418754516,
    0.46918200524080367,
    0.4816859634149642,
    0.4783841473242593,
    0.47771815955638885,
    0.459025748901897,
    0.47177804580756594,
    0.4823451867652318,
    0.46944981032893773,
    0.47711469256688677,
    0.457138388875931,
    0.4705933850435984,
    0.45972109030163477,
    0.45439553379066405,
    0.4711421075321379,
    0.4770599194462337,
    0.4700440355236568,
    0.45551153733616784,
    0.44375741694654736,
    0.4539954834987247,
    0.4587919991167765,
    0.4586686749779989,
    0.4658066817219295,
    0.44388334169274285
  ],
  "best_test_loss": 0.44375741694654736,
  "model_class": "PolynomialRootNet"
}