{
  "model_architecture": {
    "input_size": 6,
    "output_size": 10,
    "hidden_size": 512,
    "num_layers": 5
  },
  "train_losses": [
    331348442.96,
    94684616.18,
    31742455.67,
    7575495.41,
    2362908.27,
    1269241.8109375,
    635694.563125,
    211195.381171875,
    118092.21833984375,
    53185.3847265625,
    44419.7565234375,
    20043.3340234375,
    10919.772666015626,
    6821.34302734375,
    5822.77916015625,
    3475.7684228515627,
    2423.4936865234376,
    1946.8880859375,
    1790.6141845703125,
    1607.0800244140626,
    1528.2868798828124,
    1423.084326171875,
    1301.5262036132813,
    1207.67578125,
    1208.0193017578124,
    1156.0966137695314,
    1076.9658715820312,
    1047.2769799804687,
    1007.9031494140625,
    1031.4284497070312,
    982.9214501953124,
    968.896533203125,
    949.9559020996094,
    932.8685302734375,
    897.9545068359375,
    918.0105493164062,
    894.0517163085938,
    900.8764111328124,
    909.3641857910156,
    864.0665576171875,
    853.1119738769531,
    865.0249169921875,
    828.5915869140625,
    829.30109375,
    863.3915563964844,
    863.5454052734375,
    828.7531945800781,
    879.1243774414063,
    809.522734375,
    869.0217370605469,
    839.7735961914062,
    839.961689453125,
    804.4523620605469,
    778.8130712890625,
    823.5642565917968,
    830.5225573730469,
    806.7014794921874,
    755.7840185546875,
    800.2382336425782,
    787.0289770507812,
    761.4238903808593,
    808.5482763671876,
    799.0815185546875,
    826.3273742675781,
    791.4300354003906,
    777.7748315429687,
    777.9628051757812,
    768.34076171875,
    802.3732275390626,
    777.1101000976563,
    760.4502783203125,
    758.6196740722656,
    769.463544921875,
    805.3935034179688,
    777.1042785644531,
    748.416845703125,
    764.605693359375,
    767.5581689453124,
    776.8177099609375,
    769.2124829101563,
    752.3883215332031,
    728.3788684082032,
    726.6465368652343,
    739.7030847167969,
    781.186318359375,
    737.8610815429688,
    760.8501635742188,
    781.4046362304688,
    740.8818249511719,
    736.6360681152344,
    719.1564306640626,
    740.8884399414062,
    787.8654833984375,
    740.0326086425781,
    763.6127575683594,
    707.8337036132813,
    763.9929089355469,
    734.4607983398438,
    715.6819848632813,
    722.0046887207031
  ],
  "test_losses": [
    2.542250156402588,
    2.604841113090515,
    2.357975057193211,
    2.2996170861380443,
    2.2917329413550243,
    2.2721725702285767,
    2.256515077182225,
    2.23580641405923,
    2.2257323265075684,
    2.1922975097383772,
    2.161875537463597,
    2.175441196986607,
    2.1506712436676025,
    2.1710472958428517,
    2.126251680510385,
    2.1435336896351407,
    2.1638700110571727,
    2.1562691245760237,
    2.142001611845834,
    2.129364694867815,
    2.1589498349598477,
    2.1613726105008806,
    2.160822033882141,
    2.1779985768454417,
    2.1648252180644443,
    2.172659158706665,
    2.181726796286447,
    2.185717361313956,
    2.18659314087459,
    2.1834995235715593,
    2.1944100005286082,
    2.18560676915305,
    2.187145709991455,
    2.1826828718185425,
    2.2045834064483643,
    2.1867229768208096,
    2.1892229999814714,
    2.1927373920168196,
    2.2016659804752896,
    2.1988288504736766,
    2.1926980699811662,
    2.1931647743497575,
    2.2016737971987044,
    2.1963373933519637,
    2.198206305503845,
    2.201236128807068,
    2.202012913567679,
    2.195626974105835,
    2.1986099992479597,
    2.1975262335368564,
    2.201169524874006,
    2.202967115810939,
    2.199502314840044,
    2.2065477200916837,
    2.2022039209093367,
    2.202788165637425,
    2.2030795301709856,
    2.208334105355399,
    2.2117166178567067,
    2.2060973814555576,
    2.20392758505685,
    2.2079605545316423,
    2.2050221477236067,
    2.2100878613335744,
    2.2124136686325073,
    2.20949341569628,
    2.207872441836766,
    2.207473533494132,
    2.212873867579869,
    2.2143565075738088,
    2.2122641461236134,
    2.2091630526951382,
    2.210539238793509,
    2.2105966976710727,
    2.212052140917097,
    2.212623562131609,
    2.2126853466033936,
    2.216885737010411,
    2.211447170802525,
    2.2179292099816457,
    2.2154620885849,
    2.212773561477661,
    2.2149933746882846,
    2.2147283213479176,
    2.2163560731070384,
    2.211097308567592,
    2.2132730994905745,
    2.214396800313677,
    2.212163431303842,
    2.213326403072902,
    2.21454085622515,
    2.214324338095529,
    2.2120301723480225,
    2.212190798350743,
    2.2135957990373885,
    2.2171827384403775,
    2.21547075680324,
    2.211731127330235,
    2.215621301106044,
    2.2117176055908203
  ],
  "best_test_loss": 2.126251680510385,
  "model_class": "PolynomialRootNet"
}