{
  "model_architecture": {
    "input_size": 6,
    "output_size": 10,
    "hidden_size": 1024,
    "num_layers": 6
  },
  "train_losses": [
    0.8031120592951775,
    0.5685727465748787,
    0.5268416112661362,
    0.509758742570877,
    0.4860384912490845,
    0.4847921760976315,
    0.473545286744833,
    0.4683671066462994,
    0.4670866077840328,
    0.4505256738066673,
    0.445744629830122,
    0.4525048367381096,
    0.43486491587758064,
    0.43988974782824514,
    0.4278798330128193,
    0.4269614706337452,
    0.42723462495207787,
    0.426578838378191,
    0.4184531260728836,
    0.40233413356542586,
    0.4080633614361286,
    0.4038401110470295,
    0.405925954669714,
    0.3969732148051262,
    0.3972224415242672,
    0.3910029759407043,
    0.38658112251758575,
    0.38500607168674467,
    0.3798179778456688,
    0.3806534623503685,
    0.38492222493886946,
    0.3803057184517384,
    0.3854437146186829,
    0.36788318026065825,
    0.38112577655911445,
    0.3807555813789368,
    0.36887165704369546,
    0.3731002598106861,
    0.3751168283522129,
    0.37489788097143173,
    0.3644355158805847,
    0.3695981567800045,
    0.3686197038590908,
    0.3804569624364376,
    0.3678455360531807,
    0.35948585987091064,
    0.36529376009106634,
    0.36078026399016383,
    0.3615408291220665,
    0.36060178074240684,
    0.3502651964724064,
    0.3629473325610161,
    0.3503994536697865,
    0.35281369656324385,
    0.35500469741225243,
    0.3500862001776695,
    0.3492965532243252,
    0.3427530275583267,
    0.35018654009699823,
    0.33956059426069257,
    0.34267541885375974,
    0.34508219140768054,
    0.35056426259875295,
    0.3452191625535488,
    0.3426341340839863,
    0.33316856747865675,
    0.33970180502533914,
    0.3294251211583614,
    0.33596291744709017,
    0.337303074747324,
    0.3358929809629917,
    0.32720455345511434,
    0.33433632203936575,
    0.34351573210954667,
    0.32695628008246425,
    0.334204513579607,
    0.33832420691847803,
    0.32417300003767013,
    0.3311422012746334,
    0.3339100136160851,
    0.33092474088072776,
    0.3229025679528713,
    0.31908976298570635,
    0.33054347839951514,
    0.33253860530257223,
    0.32811463370919225,
    0.3307819704413414,
    0.3284132845699787,
    0.3302491517364979,
    0.3296533208489418,
    0.31805228772759436,
    0.33266363963484763,
    0.32183895260095596,
    0.3276089728176594,
    0.32028056636452673,
    0.3176167977154255,
    0.30733535170555115,
    0.31031527706980705,
    0.3256377035677433,
    0.3151751629710197
  ],
  "test_losses": [
    0.5353243511820597,
    0.47951809044868227,
    0.4480652255671365,
    0.4192038302620252,
    0.40389840588683174,
    0.4076082929968834,
    0.38872669353371575,
    0.39300560265306445,
    0.38213694379443214,
    0.38402222297967425,
    0.3442543535715058,
    0.3303573078934162,
    0.3376507280128343,
    0.3497689100248473,
    0.3413095016564642,
    0.34793230128430186,
    0.34580106075320927,
    0.32986635543287746,
    0.3153109588320293,
    0.30742217925569365,
    0.3243625206606729,
    0.31676725806697964,
    0.31527002279957134,
    0.30798238870643435,
    0.31260027458506917,
    0.28806506150535177,
    0.29096448941836284,
    0.2964121772656365,
    0.2914869390901119,
    0.28530752073441235,
    0.2787121305508273,
    0.30087876852069584,
    0.2761203275313453,
    0.27923988249330295,
    0.2968069083160824,
    0.27700692639937474,
    0.2782185280488597,
    0.29251855197880006,
    0.30842317699912997,
    0.26907675340771675,
    0.25662196510367924,
    0.27421701823671657,
    0.26397344150713514,
    0.2817788908760699,
    0.27912781866533415,
    0.2662025960901427,
    0.26077730906388114,
    0.26705010714275496,
    0.2592737494953095,
    0.25756745288769406,
    0.27880178835420383,
    0.26980032677215243,
    0.2653502182118476,
    0.26994223041193827,
    0.27309207287099624,
    0.2771538611915376,
    0.26169914894160773,
    0.25824909574455684,
    0.27232850674125886,
    0.2563022194755456,
    0.24865789794259602,
    0.26571178294363473,
    0.27918085804770865,
    0.2558658289767447,
    0.2693537217047479,
    0.2740254727384401,
    0.2801295807437291,
    0.25594733010918375,
    0.27779222031434375,
    0.2857499561376042,
    0.26182297085012707,
    0.2449190319175758,
    0.25414597964476027,
    0.25346616348103873,
    0.2564293226552388,
    0.2481124447806487,
    0.2544023971708994,
    0.26388415918936803,
    0.2621370649763516,
    0.2526004889772998,
    0.24272433573764468,
    0.24462204391048067,
    0.23830714396068028,
    0.2506496531386224,
    0.2644184883979578,
    0.23100565078239593,
    0.2362524126730268,
    0.24225606154354792,
    0.22599868786831698,
    0.22887510989630033,
    0.23064881799713013,
    0.2260200202110268,
    0.2340038362594824,
    0.22836735016769832,
    0.23822921331203173,
    0.22977733700757935,
    0.23891819221159769,
    0.2574469856917858,
    0.25021091600259143,
    0.2555295443014493
  ],
  "best_test_loss": 0.22599868786831698,
  "model_class": "PolynomialRootNet"
}