{
  "model_architecture": {
    "input_size": 6,
    "output_size": 10,
    "hidden_size": 1024,
    "num_layers": 6
  },
  "train_losses": [
    0.8477544736862183,
    0.590337755203247,
    0.5457864094972611,
    0.5251888437271118,
    0.5112305639982223,
    0.49453109443187715,
    0.48399123406410216,
    0.47988720870018003,
    0.4647340870499611,
    0.45186188220977785,
    0.4519926710724831,
    0.4439617649912834,
    0.44411821269989016,
    0.4368139826059341,
    0.43527585738897323,
    0.4277741728425026,
    0.42765436124801637,
    0.42653698635101317,
    0.4211996712088585,
    0.40970947939157487,
    0.4133405108451843,
    0.40798189234733584,
    0.40187367230653764,
    0.40351249623298646,
    0.395836394906044,
    0.3965815473198891,
    0.39623734390735627,
    0.3912180231809616,
    0.3881689364910126,
    0.3819314765334129,
    0.3930913012623787,
    0.3919356049895287,
    0.38061931139230726,
    0.38174125957489013,
    0.38061055678129196,
    0.3789500021338463,
    0.37750871324539187,
    0.3705376284122467,
    0.3702672519683838,
    0.3645173443555832,
    0.36527401208877563,
    0.3645210279226303,
    0.3630215429663658,
    0.35959001672267915,
    0.36084279978275297,
    0.3679754001498222,
    0.36523491895198823,
    0.3599141196012497,
    0.3584181686639786,
    0.3594180679321289,
    0.34918266379833224,
    0.3495328041315079,
    0.35814129251241683,
    0.3490348142981529,
    0.3416819153428078,
    0.3450799720287323,
    0.354595096051693,
    0.3445050620436668,
    0.3463336602151394,
    0.3458492838740349,
    0.34068137580156327,
    0.33941014182567597,
    0.34447169411182404,
    0.3370763242840767,
    0.33892426466941833,
    0.3463018913269043,
    0.33573703962564466,
    0.3410760397315025,
    0.3302165746092796,
    0.3385711460709572,
    0.335821035861969,
    0.3386940424442291,
    0.3329533995091915,
    0.33058639818429947,
    0.3349466669559479,
    0.33506835156679154,
    0.3285635033249855,
    0.3302216120362282,
    0.33887890034914014,
    0.3277212733030319,
    0.33461989855766294,
    0.32869151371717453,
    0.3283558239340782,
    0.3271118245720863,
    0.3216646316051483,
    0.32884435999393463,
    0.325866815507412,
    0.32718283486366273,
    0.3258402720093727,
    0.3213201280236244,
    0.31241599613428117,
    0.32623889195919037,
    0.3177117018699646,
    0.32572156995534896,
    0.32275798815488815,
    0.32112274640798566,
    0.3200318202972412,
    0.32116314136981966,
    0.310184916973114,
    0.31761642295122144
  ],
  "test_losses": [
    0.498943843538799,
    0.4299046541490252,
    0.4064455618934026,
    0.405118406291992,
    0.3886481204203197,
    0.3708282193494222,
    0.36811433401372695,
    0.34095393617947894,
    0.33094508118099636,
    0.3230071488826994,
    0.3223379266167444,
    0.3376421575981473,
    0.3254245053681116,
    0.3078236575164492,
    0.30849131752574255,
    0.30781666390479556,
    0.29842145930206965,
    0.2921751519990346,
    0.2863343543713055,
    0.29832439798684346,
    0.2803564552986433,
    0.2753775230948887,
    0.3042064290198069,
    0.27994759960307014,
    0.2703853046137189,
    0.27339732694247415,
    0.2718899166063657,
    0.2913422772572154,
    0.2701481112412044,
    0.263364601584654,
    0.2641839718534833,
    0.2619506897670882,
    0.2552072994765781,
    0.2617957719734737,
    0.2556964621420891,
    0.2622508354603298,
    0.24599595616261163,
    0.26028598111773293,
    0.24410943190256754,
    0.26096725144556593,
    0.2554671374105272,
    0.2481871936765928,
    0.25368442634741467,
    0.24476786560955502,
    0.2478952786279103,
    0.2477679146187646,
    0.2537051506695293,
    0.24957492167041415,
    0.2460336863758072,
    0.24534823875578624,
    0.23978881183124723,
    0.2336456605366298,
    0.24188731457032855,
    0.23840747820952582,
    0.24296937894726556,
    0.24059662151904332,
    0.23505558936841905,
    0.23675981625204995,
    0.2270091273008831,
    0.24911462953166355,
    0.2379034272735081,
    0.24354432274897894,
    0.23292294369330482,
    0.22778023542865874,
    0.23795925873139548,
    0.22209588580188297,
    0.22683593961927626,
    0.22795429175335263,
    0.2242055686693343,
    0.2250745932734202,
    0.23298370885470557,
    0.2261477770313384,
    0.21602521576578654,
    0.22065889634310254,
    0.23465180799128518,
    0.2460448176614822,
    0.23282371875312594,
    0.23306010557072504,
    0.2243217998553836,
    0.22667823436241302,
    0.21855817628758295,
    0.22976267846330764,
    0.2322510356704394,
    0.2277373280080538,
    0.21083980207405392,
    0.23218778296122475,
    0.2164438475692083,
    0.21645648056079472,
    0.2156760911383326,
    0.23066250506847624,
    0.20483016447415428,
    0.2278629554406045,
    0.21890964678355626,
    0.2257214096330461,
    0.21817975987990698,
    0.22772092939842314,
    0.21743149404960965,
    0.2173318715086059,
    0.21859699641428296,
    0.21172916664490624
  ],
  "best_test_loss": 0.20483016447415428,
  "model_class": "PolynomialRootNet"
}